0,First Name,Gender,Country,Age,Date,id
1,Dulce,Female,United States,32,15/10/2017,1562
2,Mara,Female,Great Britain,25,16/08/2016,1582
3,Philip,Male,France,36,21/05/2015,2587
4,Kathleen,Female,United States,25,15/10/2017,3549
5,Nereida,Female,United States,58,16/08/2016,2468
6,Gaston,Male,United States,24,21/05/2015,2554
7,Etla,Female,Great Britain,56,15/10/2017,3598
8,Earlean,Female,United States,27,16/08/2016,2456
9,Vincenza,Female,United States,40,21/05/2015,6548
10,Fallon,Female,Great Britain,28,16/08/2016,5486
11,Arcelia,Female,Great Britain,39,21/05/2015,1258
12,Franklyn,Male,France,38,15/10/2017,2579
13,Sherron,Female,Great Britain,32,16/08/2016,3256
14,Marcel,Male,Great Britain,26,21/05/2015,2587
15,Kina,Female,Great Britain,31,16/08/2016,3259
16,Shavonne,Female,France,24,21/05/2015,1546
17,Shavon,Female,France,39,15/10/2017,3579
18,Lauralee,Female,Great Britain,28,16/08/2016,6597
19,Loreta,Female,France,26,21/05/2015,9654
20,Teresa,Female,France,46,21/05/2015,3569
21,Belinda,Female,United States,37,15/10/2017,2564
22,Holly,Female,United States,52,16/08/2016,8561
23,Many,Female,Great Britain,46,21/05/2015,5489
24,Libbie,Female,France,42,21/05/2015,5490
25,Lester,Male,France,21,15/10/2017,6574
26,Marvel,Female,Great Britain,28,16/08/2016,5555
27,Angelyn,Female,United States,29,21/05/2015,6125
28,Francesca,Female,France,23,15/10/2017,5412
29,Garth,Male,United States,41,16/08/2016,3256
30,Cella,Female,Great Britain,28,21/05/2015,3264